text,label_1,label_2,label_3,label_4
thanks status content fix warning review please message delay warning fix access report,1,1,1,1
account system error reply content,0,1,0,1
reply error info account content update notice notice reply fix problem,0,1,0,0
delay status access content access urgent reply thanks question,0,0,0,0
reply please feedback feedback system delay request note,0,0,1,0
delay content thanks help content review fix status problem please info fix,0,1,1,1
reply response warning warning question problem question note delay response feedback access,0,1,0,1
thanks info thanks please update fix fix request access access,0,1,1,0
fix status status issue question thanks issue error status policy,0,0,0,0
policy question content response status response,0,0,0,1
problem check system feedback support check system account account question notice message,0,0,0,1
feedback policy note info info review please status urgent issue thanks problem reply notice,1,1,1,1
note access warning support support review status please content error content error status please system,1,1,1,0
support help reply update request status fix error feedback account warning warning feedback,1,1,1,1
check support response status update access support question problem delay issue update note error,1,1,0,0
support urgent message status content account,0,0,0,1
status access system access thanks message review,0,0,0,0
note message report question thanks,0,0,0,1
problem response status issue urgent response status policy report question note response system thanks message,1,1,0,1
content feedback update warning feedback help access,1,0,0,0
access policy notice access response warning,1,0,0,1
check system status error delay feedback request help message status content issue account report,0,1,1,1
update question note please status help request,0,0,0,0
thanks issue question policy message notice reply note support account content check,0,0,1,1
request reply report status notice check status issue reply,0,0,1,1
question notice urgent problem review,1,1,0,0
review status warning delay thanks fix,1,1,0,1
account fix system notice message access urgent help notice,1,1,0,0
fix note notice warning access issue access response access review question support support access,1,1,0,0
response account feedback thanks support reply notice feedback info request,0,1,0,0
question support content warning notice content problem access policy,0,1,1,1
report urgent info check note fix warning system error fix notice problem,1,1,0,1
notice fix delay feedback policy,0,1,0,0
notice info review reply status question,0,0,0,0
report feedback response message account problem notice policy error policy review issue warning problem status,1,1,0,1
review notice info urgent info reply support problem request,1,1,1,0
support request account message problem fix,1,1,1,0
account feedback notice delay reply content system reply,0,0,0,0
account support issue status delay policy status status error system update please policy note,0,1,1,1
response help policy error thanks help reply,0,1,0,1
report help message thanks thanks error policy message update,0,0,0,1
issue problem please review issue message system response problem check support,0,1,1,0
content problem status problem help info response reply,0,1,0,0
check urgent access info message reply support,1,0,1,0
check note feedback note error policy question message reply support please urgent message policy,1,1,1,1
fix system policy warning account support update support content warning info,1,1,0,1
problem request review report support problem,0,1,0,1
response status note update warning check reply delay content message account,1,0,0,0
account request policy please content system review notice issue thanks warning content,1,0,1,1
policy issue report content reply policy note status,0,1,0,0
note issue access note message check help notice fix,0,1,1,0
note system review review request report note system,0,0,1,0
policy update problem question check delay error warning delay check info,1,1,0,1
report support report message warning,1,0,1,1
error access review error issue status status reply account support,0,1,0,0
status info notice policy question info note content request,0,0,1,1
system feedback policy review problem reply issue error content response warning note issue please delay,1,1,1,1
urgent review error report info update please policy,1,1,1,1
issue system reply review message delay support,0,0,0,0
support error check response thanks feedback issue note error info request issue help,0,1,1,0
status warning feedback request access help urgent response fix please request urgent,1,1,1,0
fix report status thanks account status feedback policy access content,0,1,0,1
delay issue account check notice warning issue fix problem report account error account error feedback,1,1,0,1
status warning access content fix thanks content request delay urgent response question review support,1,1,1,0
delay warning reply help issue review update question check review message,0,0,0,0
account problem status info issue policy content issue review warning message warning,1,1,0,1
please fix question fix notice,0,1,1,0
review problem note error issue response access help please note policy please access support content,0,1,1,1
note support content reply update response support note feedback question,1,0,0,0
check policy notice notice thanks delay warning error policy update delay policy please,1,1,1,1
error support notice info account review response response update response content delay,0,1,0,0
check policy message check account system report account info warning error fix notice feedback urgent,1,1,0,1
access thanks thanks notice reply review please access,0,0,1,0
response policy policy message fix error report error notice message policy update fix delay,0,1,0,1
report feedback message status question policy policy feedback notice warning notice policy account message,1,0,0,1
notice issue fix response content notice thanks please,0,1,1,0
help error system message info please reply account response,1,1,1,0
feedback message notice response report account response content,0,1,1,1
delay policy question problem feedback fix question,0,1,0,1
help notice update issue request access report response status system message,0,0,1,1
error note policy status help,0,1,0,1
question response report problem warning status access please note note content reply content,1,1,1,1
response account issue update update delay info content support fix,0,1,0,0
delay response please feedback status,0,0,1,0
error urgent help question status issue help policy error,1,1,0,1
question urgent question review policy error,1,0,0,1
notice help check system notice request,0,0,1,0
review content please access update feedback message delay response notice,0,1,1,0
system delay message delay update message,0,0,0,0
policy review response fix account problem,0,1,0,1
delay fix note question feedback policy note feedback problem support message question report content,0,1,0,1
message feedback account reply report review problem warning update urgent question please issue,1,1,1,1
problem policy feedback error error error message,1,1,0,1
question system thanks error policy issue thanks,0,1,0,1
info reply issue fix message please check error info response review urgent system feedback report,1,1,1,1
support help review check request fix response notice help,0,1,1,0
fix error question urgent fix content question,1,1,0,0
error feedback feedback thanks policy account please,0,1,1,0
update update check help thanks warning fix message thanks update urgent,1,1,0,0
thanks policy fix error status help,0,1,0,1
response warning access note content reply notice please review info check system please note,1,0,1,1
error request info status review update help notice check status policy content content delay,0,1,1,1
review reply issue review check reply policy message error content,0,1,1,1
fix issue report issue help account report note reply account,0,1,0,1
check feedback message content account,0,0,0,0
status error feedback feedback access please urgent access info thanks help status fix,1,1,1,0
report help reply issue support question update thanks,0,0,1,1
urgent policy policy policy status thanks,1,0,1,1
status update issue error issue delay response feedback,0,1,1,0
feedback warning urgent help thanks policy check review content access urgent report note report system,1,0,0,1
access urgent error fix notice error notice info problem content,1,0,0,0
account review system system delay please support delay info,0,0,1,0
warning account message content problem help policy feedback problem reply support message response,1,1,0,1
note update problem delay fix access message reply error fix please request feedback update access,0,1,1,0
access reply please message issue note message question reply report thanks warning issue delay notice,1,0,1,1
report delay report update update review issue check reply reply warning,1,0,0,1
policy check check message message fix urgent status review update content,1,1,1,1
please problem policy support review content feedback check,0,1,1,1
problem feedback urgent thanks report report,1,1,0,1
issue reply reply warning request update warning status request,1,0,1,0
urgent report please fix content content error check,1,1,1,1
thanks fix message help response info,0,1,0,0
message note content content message response info reply fix review,0,1,1,0
help problem review response response system access access,0,1,0,0
warning fix system thanks response report error support account help support check status,1,1,0,1
reply note response check question support notice message request report support issue review,0,0,1,1
error question please check message note message,0,1,1,0
status notice error status access system thanks warning report status update response content,1,1,0,1
access access notice system issue status,0,1,0,0
delay note info support thanks urgent status response reply support status thanks note fix feedback,1,1,0,0
notice feedback warning review notice reply access,1,1,0,0
error feedback system report message error notice content delay help issue info status please review,0,1,1,0
reply account report support feedback access request info please system update account system policy feedback,0,0,1,1
reply feedback question report help note access,0,0,0,0
feedback note note reply notice help support review thanks,0,0,0,0
content reply check reply account support note request check urgent issue access error,1,1,1,0
status policy note help report feedback request info issue account issue content response urgent,1,0,1,1
note content problem delay warning status support message report policy support,1,1,0,1
note update question thanks support review report please check request message message message request policy,0,0,1,0
status thanks error issue content feedback policy fix urgent info note update warning account,1,0,0,1
check problem please feedback reply,1,0,1,0
support status status report account,0,0,0,1
reply status question note status system delay response support note system access system,0,0,0,0
reply please report question fix info warning account info status update,1,1,1,1
status help reply review notice notice review warning issue delay warning note error check,1,1,0,0
problem notice problem report question policy notice issue status policy info,0,1,0,1
note review access warning update info question review,1,0,0,0
request question question note reply error check message thanks check help check,0,1,1,0
question thanks review question policy review report note note update,0,0,0,1
thanks support note delay thanks access message issue note,0,0,0,1
note note policy feedback support problem content,0,1,0,1
error status please status problem feedback status message request please help urgent,1,1,0,0
content urgent request error thanks check request error access error response info error,1,1,1,0
review response check fix warning response problem delay access review check fix note access,1,1,0,0
problem issue fix issue help thanks report,0,1,0,1
feedback info check account access reply,0,0,0,0
question note help notice feedback note urgent,1,0,0,0
help fix warning fix feedback urgent response feedback content access,1,1,0,1
note report account support status issue request error problem check request help reply account issue,0,1,1,1
please content support problem support note thanks urgent,1,1,1,0
warning feedback info report help please,1,0,1,1
fix content check check problem message delay review,0,1,0,0
report update urgent review feedback feedback notice problem delay urgent please,1,1,1,1
status question please status reply account check question note request status response check status,0,0,1,0
update support problem review error,0,1,0,0
note update access reply problem note request fix urgent notice response delay,1,1,1,0
account access urgent urgent urgent access notice question urgent note,1,0,0,0
request check note note question,0,0,1,1
response system access help warning,1,1,0,0
reply issue request review problem response system notice feedback message support review,0,0,1,0
urgent note fix status system content,1,1,0,0
issue review review error fix notice help please support thanks,0,1,1,1
message info note issue check,0,0,0,0
notice system report request check response reply status review warning response status,1,0,1,1
thanks help please urgent problem thanks,1,1,1,0
warning thanks problem warning check system status urgent question,1,1,0,0
urgent urgent update help delay,1,0,0,1
status policy issue info message status,0,0,0,1
status check issue issue please thanks check issue error help check notice urgent,1,1,1,0
issue review check report reply error,0,1,1,1
report note fix content help response message,0,1,0,1
issue urgent problem info update request,0,1,1,0
info content message status notice please error question policy info status check help status,0,1,1,1
please access access system help,0,0,1,0
review error access response message reply urgent,1,1,0,0
reply status report request account policy request support,0,0,1,1
delay info warning info content urgent info,1,0,0,0
note request urgent status info thanks report fix request support warning,1,1,1,1
issue account update thanks update message system info question reply note,0,0,1,0
error please notice policy message notice status problem error issue,0,1,1,1
fix response report error delay request,0,1,1,1
error warning help issue urgent support reply check check question help,1,1,0,0
fix report urgent help response reply fix note,1,1,0,1
review please review info please access warning status help feedback system update warning system response,1,0,1,0
issue question policy help system update warning feedback issue problem,1,1,0,0
issue update fix access thanks message,0,0,0,0
status access problem issue policy policy,0,1,0,1
review problem feedback content question response,0,1,0,0
access error notice response account system warning help,1,1,0,0
message account notice problem support error,0,1,0,0
problem request support access report error message policy system feedback update info fix,1,1,1,1
feedback info request support status request review access info question message report,0,0,1,0
warning content request support warning reply feedback error response note,1,1,1,0
access review fix system feedback feedback message help question report problem error,0,1,0,1
update report urgent account policy info urgent report request,1,0,1,0
help system issue policy note error info content report info issue,0,1,0,1
help update account please access,0,0,0,0
system note question error fix info review check,0,1,0,0
note message request request update response check warning error help account urgent thanks question,1,0,1,0
support error account response status note issue,0,1,0,1
review feedback access check policy info problem status check,0,1,0,1
feedback notice info content urgent system feedback,1,0,1,0
info note status policy status info issue question policy info,0,0,0,1
message message request problem feedback question urgent problem,0,1,1,0
policy access message question note policy urgent reply notice feedback error reply help,1,1,0,1
issue urgent response notice policy request error support access urgent,0,1,1,1
question system error note warning delay fix,1,0,0,0
delay note account info support message urgent error note response reply problem problem,1,1,0,0
note account question report issue request delay,1,0,1,1
help delay info delay note content account report thanks,0,0,0,1
response report report please content,0,1,1,1
review status problem problem support request notice access,0,1,1,0
account fix delay note note fix error,0,0,0,0
request problem urgent account feedback note system review question support access content,1,1,1,0
check problem content issue delay content report content message issue report,0,1,0,1
review response please support feedback policy report response thanks warning support fix reply fix policy,1,1,1,1
status system system issue please update feedback status policy thanks feedback issue,0,0,1,1
review system help issue warning account urgent,1,0,0,0
system note please note reply error check error check,0,1,1,0
reply problem note note note please account review report error issue message request system review,0,1,1,1
fix info question feedback feedback support report,0,1,0,1
policy policy fix question please content response request error review support access,0,1,1,1
info help please support report error please delay thanks report response problem update message issue,0,1,1,0
content status policy notice please info reply,0,0,1,0
error thanks note policy content review access reply,0,1,1,1
question account thanks notice response content thanks,0,0,0,0
status question content issue status please thanks reply error message urgent fix help note,1,0,1,0
review issue problem note urgent note reply question urgent,1,1,0,0
review feedback error delay notice error delay,0,1,0,0
delay fix content notice message policy warning,1,1,0,1
note please reply notice please,1,0,1,0
feedback error report feedback system please access please issue status delay warning account error problem,1,1,1,1
please review account notice note,0,0,1,0
report reply update check message delay update notice note status update feedback check,0,0,0,1
note message help question help review delay check,0,1,0,0
please status update status warning please info request access,1,0,1,0
system report access request policy access policy policy problem error fix update,0,1,1,1
policy feedback status note policy issue,1,0,0,1
policy content system issue content thanks request system policy content support urgent account warning policy,1,0,1,1
note response note message system fix notice,0,1,0,0
response warning notice issue report message warning check report policy info,1,0,0,1
reply update status note access info urgent warning update report delay,1,0,0,1
help policy request system reply system policy thanks urgent policy fix request delay reply,1,1,1,1
support info review urgent thanks thanks check check response issue info,1,0,0,0
thanks feedback check support update notice delay report feedback issue check message report reply,0,0,0,1
content check system access policy reply message notice warning question note support please message,1,1,1,1
update error update problem system help review update,1,0,0,0
thanks message message issue system support review,0,1,0,0
check urgent fix urgent warning status question system problem delay,1,1,1,1
info access system thanks help error help response request content issue,0,1,1,1
warning report message policy question status update urgent notice please warning problem update status,1,1,1,1
report problem support support update please check reply message question urgent status check warning,1,1,1,1
error warning access problem request support fix urgent access question delay request,1,1,1,0
notice response response warning note,0,0,0,0
fix delay info request response info response notice thanks,0,1,1,0
response check error delay feedback reply feedback content response review delay,0,0,0,0
check access policy note status check request update problem access request urgent,1,1,1,1
question report fix request warning update,1,1,1,1
request info feedback problem urgent please report response error notice note check,1,1,1,0
status access warning question problem check reply content question info,1,1,0,0
support problem question info note report issue delay,0,1,0,1
error thanks account thanks problem response problem support problem feedback note,0,1,0,0
policy response help policy access fix feedback problem info error,0,1,0,1
update fix update reply content update update content reply note policy info urgent account,1,1,0,0
system problem report urgent feedback error content account system urgent please problem,1,1,1,0
notice urgent question message content delay help question access access request fix content,0,1,1,0
fix feedback status support please thanks thanks,0,1,1,0
problem urgent access problem urgent response,1,0,1,0
info question error policy please,0,1,1,1
status delay check access fix urgent help error info,1,1,0,0
thanks error issue request report feedback,0,1,1,1
warning warning warning message report message problem message account support issue help check,1,1,0,0
status help problem fix policy fix issue thanks,0,0,0,1
note notice message fix account question notice response,0,1,0,0
status check check thanks urgent problem message urgent,1,1,0,0
question status update warning fix,1,0,0,0
update report issue account response notice system access,0,0,0,1
review thanks account update urgent feedback content account review warning error,1,1,0,0
help notice content system question system check thanks fix please report problem request,0,1,1,1
issue check question status fix report urgent,1,0,0,1
info error note notice delay urgent content fix access error account request please,1,1,1,0
delay thanks please report request status thanks issue account,0,0,1,0
reply account response help check fix question support please problem problem content,0,1,1,0
thanks urgent question fix warning error warning help question request feedback issue,1,1,0,0
report notice policy report question status notice problem question notice system access,0,1,0,1
system warning error delay fix info update info please problem thanks urgent policy,1,1,1,1
problem problem please request check policy review message,0,1,1,1
question note update delay review response policy response access support please,0,0,1,1
update thanks system feedback update message,0,0,0,1
system system support system problem support feedback request system please support warning,1,1,1,0
reply access info warning issue access fix message,1,1,0,1
check response feedback access report thanks,0,0,1,1
check support urgent system warning access request support system,1,0,1,0
message urgent error update content system problem support urgent thanks warning message account,1,1,0,0
problem issue access request report account,0,1,1,1
urgent support note help warning feedback system update reply error,1,1,0,0
response check fix problem warning system feedback content fix system issue thanks,1,1,0,1
request issue delay urgent status thanks question,1,0,0,0
system note review thanks check access feedback,0,0,0,0
account support update question response please report account note warning report,1,0,1,1
system note request error thanks error,0,1,1,0
question review review urgent reply delay question check issue feedback note question warning check policy,0,1,0,1
notice fix check status update report urgent problem update delay,1,1,0,1
notice system review review reply check warning update check policy question urgent info account help,1,0,0,1
delay check help thanks account thanks error check,0,1,0,0
content reply issue feedback info check thanks update thanks,0,0,0,0
note help support notice warning update status info error question help content info,1,1,0,0
problem error response check review access support,0,0,0,0
question thanks please fix policy request info,1,1,1,0
thanks warning policy response review fix response,1,0,0,1
check status urgent system question status warning please please notice note,1,0,1,0
problem content urgent note feedback note report account,1,1,0,1
urgent error thanks help system update review access error account warning update policy question,1,1,0,1
system access response urgent system access status issue issue content,1,0,0,0
info notice review review info system warning feedback response fix please feedback issue thanks,1,1,1,0
problem urgent content check review policy delay content review request,1,1,1,1
please info problem account fix info,1,1,1,0
thanks request delay policy account access content urgent message help issue support message reply problem,1,1,1,1
help request policy status policy thanks policy info urgent urgent info problem account,1,1,1,1
delay content please system feedback update thanks help help urgent system thanks please,1,1,1,0
question error reply fix notice problem notice policy,0,1,0,1
message fix problem problem notice fix policy,0,1,0,1
review delay account access please message urgent question info system warning,1,0,1,0
info system policy issue status review warning fix,1,1,0,1
please update issue message report policy account delay,1,0,1,1
feedback help check please content report urgent access policy,1,0,1,1
policy problem notice error message urgent support,1,1,0,1
issue response check info message problem access request thanks problem error response,0,1,0,0
note fix delay notice account question issue update report error,0,1,0,1
feedback note urgent reply update review,1,1,0,0
request warning status account request,1,1,1,0
info access warning urgent delay message error review system,1,1,0,0
account notice feedback info please please reply info access report please fix urgent status feedback,1,1,1,1
fix reply support report warning help account feedback delay update notice review note,1,1,0,1
notice request notice delay check urgent issue,1,0,1,1
please check fix reply access feedback,0,1,1,0
error message please fix question status please,0,1,0,0
request review fix account update feedback report please access feedback problem account status help error,0,1,1,1
feedback question info system report support reply access request warning question status reply,1,0,0,1
error note warning fix policy message urgent access error,1,0,0,1
message question account note response error support thanks help question delay warning review,1,1,0,1
review fix response policy problem status note response,0,1,0,1
urgent error update feedback content help policy question update problem problem check,1,1,0,1
thanks question access support update info question,0,0,0,0
fix note report problem check,0,1,0,1
check policy support help delay problem problem thanks account thanks,0,1,0,1
urgent issue response thanks feedback,1,0,0,0
error reply message info system policy info status response question problem,0,1,0,1
system reply info message access review,0,0,0,0
access system report message problem,1,1,0,1
system content check issue fix,0,1,0,0
update review notice help thanks system,0,1,0,0
warning message policy message response report question policy note note,1,1,0,1
warning report feedback help account system problem delay content,1,1,0,0
check report error status status,0,1,1,1
reply account content warning access review thanks problem policy fix report please error,1,1,1,1
fix access error feedback reply question support delay urgent request,1,1,1,0
support help question message warning help review please message policy feedback urgent,1,0,1,1
update check note notice fix account check please,0,1,1,0
status fix support please problem notice message,0,1,1,0
system support issue review issue check reply problem report report problem,0,1,1,1
note note message please account reply account feedback request response,0,0,1,0
content support feedback question delay,0,0,1,0
error support account response help policy urgent reply warning note thanks fix check,1,1,0,1
thanks report request system question thanks account urgent question,1,0,1,1
account issue help status system error error status reply system urgent response,1,1,0,0
warning problem info issue policy content request system fix note report,1,0,1,1
request status question policy urgent problem thanks policy review check help question notice message,1,1,1,1
account please feedback account problem response request please thanks support please,0,1,1,0
check check content policy account report error policy thanks update,0,1,0,0
support status warning account check message delay policy urgent issue support check reply,1,1,0,1
request error check delay request help feedback policy problem help warning status info,1,1,0,1
review error update fix issue response access request review report help system review account,0,1,0,1
content thanks system please thanks review info policy,0,0,1,1
thanks content error report notice notice info thanks status please delay notice thanks,0,1,1,1
warning status access account please notice problem feedback,1,1,1,0
check system please content notice question help,0,0,1,0
issue help response report urgent fix feedback account,1,1,0,1
message note request note review message message notice check feedback status request warning feedback,1,0,1,0
notice message fix response please report message delay status info policy delay info,0,1,1,1
issue account problem check note thanks urgent urgent policy system warning note problem,1,1,0,1
notice warning issue content problem system,1,1,0,0
error access help urgent content check question message fix reply,1,1,0,0
delay update fix reply fix status feedback issue account please policy message review warning error,1,1,1,1
request fix support problem help problem fix,0,1,1,1
thanks content response note content thanks check error delay problem review question reply,0,1,0,0
account problem update check problem feedback,0,1,0,0
warning request account reply support issue help,1,0,1,0
problem delay issue please response review info issue access question delay help message question,0,1,1,0
reply feedback message note account review warning update delay system reply warning thanks delay account,1,0,0,0
policy notice issue please access note system error response problem,0,0,1,1
note note report access support report issue delay delay delay content error fix delay fix,0,1,0,1
policy report note please support response fix review content status account,0,1,1,1
note error request system info notice message review support support policy note error content,1,0,1,1
system notice urgent fix please update response,1,1,1,0
reply info check please notice help reply fix please status message report access,0,1,1,1
access feedback fix policy message response error status reply note delay error check issue update,0,1,0,0
feedback please feedback access content note feedback fix delay notice update note note please,0,1,1,0
review feedback question system response fix please fix note,0,1,1,0
issue support check note delay,0,0,0,0
system info request notice policy notice issue response system thanks feedback problem help account thanks,0,1,1,0
system urgent delay urgent thanks response policy,1,0,0,1
reply response response system thanks message access notice account,0,0,0,0
delay thanks info response update message message report delay,0,0,0,1
account reply update issue access help,0,0,0,0
report access notice report delay system info warning fix account account reply request,0,1,1,1
note info issue policy info warning note access,1,1,0,1
fix error note notice help request status policy system reply question info account,0,0,1,1
please urgent help check system report,0,0,1,1
urgent problem support error note system issue,1,1,0,0
response feedback message thanks fix help system policy system,0,1,0,1
delay notice system status notice thanks check problem help,0,1,0,0
check urgent please message report notice support issue,1,0,1,1
message question check message check feedback request problem report review content question,0,1,1,0
policy thanks access content problem report issue policy,0,1,0,1
reply system message feedback issue problem feedback thanks issue request check response urgent fix,1,1,0,0
delay check note fix policy response report message check,0,1,0,1
problem support content info notice feedback issue notice policy thanks help feedback problem,0,1,0,1
review problem system content support access check system problem access please thanks note support note,0,1,1,0
message please please reply content,0,1,1,0
request thanks review thanks feedback content policy delay check review info status feedback,1,0,1,1
status message content status question content thanks fix help reply report system warning report,1,0,0,1
policy note question feedback request access update info account response,0,0,1,1
check urgent thanks support info error request notice warning thanks reply review,1,1,1,0
delay update error error status policy note check issue urgent review reply,0,1,0,1
note note delay warning policy check warning response reply access content fix account urgent,1,1,0,1
content urgent update urgent account help support,1,0,0,0
support system feedback account thanks help,0,0,0,0
note warning system support help thanks delay status help access,1,0,0,0
info error urgent problem please policy,1,1,1,1
check content support check feedback issue report content,0,1,1,1
help error question help update fix support system status review feedback check urgent,1,1,0,0
message delay feedback update reply support error note update please note feedback review thanks issue,1,0,1,0
thanks help report account delay info note,0,0,1,1
info delay question request policy policy help help warning warning error response note,1,1,1,1
report report warning policy access question please check please help,1,0,1,1
review account response urgent feedback response notice warning status check message warning request,1,0,1,0
help system fix issue urgent account fix report thanks please fix,1,1,1,1
thanks reply message check info help review,0,0,0,0
support notice reply check warning update content status issue urgent message thanks help,1,0,0,0
issue status error thanks thanks access response question feedback review help support,0,1,0,0
request reply error support report status response fix,0,1,1,1
request question info response question,1,0,1,0
message check status help request notice error problem,0,1,1,0
request fix thanks delay help please reply request,0,1,1,0
review problem fix note message account delay fix,1,1,0,0
policy question status status problem notice status problem please info status update,0,1,1,1
report reply feedback help note feedback,0,0,0,1
please help check status question problem check thanks support reply urgent,1,1,1,0
account notice response notice error problem problem help problem warning,1,1,0,1
system note status response review feedback urgent,0,0,0,1
note support help account system report issue account info thanks help review,0,0,0,1
update reply reply warning please urgent account report status request please urgent request check question,1,0,1,0
report notice response access delay issue note problem question please please message issue notice,0,1,1,1
review warning response problem error,1,1,0,0
report problem warning please question,1,0,1,1
update update support help account delay status notice review warning,1,0,0,0
status access please reply support question,0,0,1,1
urgent thanks message account status,1,0,1,0
issue access content issue access question content policy,0,0,0,1
update policy report account response delay error delay,0,1,1,1
notice account report feedback thanks thanks,0,1,0,1
check content delay urgent notice warning problem thanks thanks account,1,1,0,0
reply notice response thanks help urgent warning policy problem account message request status,1,0,1,1
reply status feedback review reply fix support check info notice,1,1,0,0
check issue access policy request issue delay,0,0,1,0
notice report error reply account help access please message question fix notice,0,1,1,1
fix update please please help system report info info,1,1,1,1
fix error support problem message feedback account policy urgent warning help update update review,1,1,0,1
check policy fix notice question feedback,0,1,0,1
system thanks error reply note request policy notice,0,1,1,1
delay check account urgent review,1,0,0,0
content content warning content review error issue support message delay please reply system error feedback,1,1,1,0
request urgent notice error content,1,0,1,0
question report status question policy report content,0,0,0,1
notice response question error policy review,0,1,1,1
question question thanks review policy question review help response reply issue notice issue fix,0,1,0,1
account reply thanks review error review update account response,0,1,0,0
review thanks status fix info system note delay info note,0,1,0,0
notice request fix policy system check issue feedback please feedback message support review,0,0,1,1
message update response account access feedback reply account feedback,0,0,0,0
urgent please feedback content status policy warning report system update check,1,0,1,1
thanks content system support system request request request thanks thanks account help thanks request urgent,1,0,1,0
account message reply account error help delay request help support policy,1,1,1,0
problem urgent note review issue thanks note,1,0,0,0
request request policy thanks report policy notice,0,0,1,0
urgent delay report support delay problem reply info,1,1,1,0
status report review urgent fix issue review reply,0,1,0,1
reply report policy thanks request response fix response info issue feedback please,0,1,1,1
check issue info policy warning delay thanks error,1,1,1,1
issue problem warning error review report problem system problem feedback status content,1,1,1,1
account info reply help status review feedback response,0,0,0,0
notice policy request report info content please fix policy question notice delay report question fix,0,1,1,1
problem review note thanks question problem system,0,1,0,0
please review question warning system issue,1,0,1,0
status reply problem update urgent,1,1,0,0
status please feedback problem review content system urgent check account issue warning,1,1,1,0
info access urgent check report urgent check,1,0,0,1
warning system question question warning issue check,1,0,1,1
review response info response thanks update update access reply account thanks delay warning,1,0,1,0
support account problem issue problem check,0,1,1,0
thanks report policy error notice fix delay content feedback response,0,1,0,1
message request report please account review content note policy,1,0,1,1
warning update urgent info check reply thanks content feedback,0,0,0,0
content issue thanks message notice account warning status please thanks problem reply support,1,1,1,0
content warning update request response account,1,0,1,0
delay status question account help issue content delay thanks urgent,1,0,0,0
please thanks fix problem please thanks thanks,0,0,1,1
info info delay please response reply message message update note,0,0,1,0
report delay check access access notice support info update question policy warning review policy notice,0,0,0,1
reply response urgent review help notice support please note fix,1,1,1,0
report info info policy access report help help help reply error,0,1,0,0
support account info notice message content fix fix access delay help response account issue warning,1,1,0,0
please help urgent warning note system,1,1,1,0
message review support update problem notice warning response content,1,1,0,0
message note check please problem error system thanks check check,0,0,0,0
account policy policy account system,0,0,0,1
policy urgent content question warning status delay warning,1,0,0,1
access warning support system reply delay question access urgent notice question support delay,1,0,0,0
feedback fix check note problem policy access check error update,0,0,1,1
content content please access status fix report please access urgent access update,1,1,1,1
thanks note notice access system review error update request warning reply message note update,1,1,1,0
help thanks update urgent report error account fix check,1,1,0,1
fix content delay report fix,0,1,0,1
access warning info fix content fix status status notice problem request notice policy,1,1,1,1
problem help fix access message review note,0,1,0,0
request reply status report account notice account info check account note check,0,0,1,1
problem review info notice review warning fix request notice please,1,1,1,0
question question delay issue fix content content,0,1,0,1
status feedback request delay error info notice,0,0,1,0
status report response thanks fix fix system thanks account message review request question urgent,0,1,1,1
review note status fix support request issue check,0,1,1,0
notice info review info message update urgent help please delay account urgent,1,0,0,0
delay reply delay update policy status system error problem support status problem info response,0,0,1,1
account feedback problem urgent urgent fix problem system,0,1,1,0
status response message review support thanks warning question feedback access request urgent update urgent,1,0,1,0
info info update warning status feedback reply urgent,1,0,1,0
account account report review help check review review reply content notice error urgent report update,1,1,0,1
notice feedback report report please fix thanks warning check content fix access,1,1,1,1
delay issue update review feedback delay reply fix response request access question support notice urgent,0,1,1,0
response report delay issue question support issue issue help policy status warning status,1,0,0,1
thanks fix error fix please problem report check help reply request review thanks feedback update,0,0,1,0
update delay status issue problem warning notice report,0,1,0,1
error check delay policy feedback message report delay,0,1,0,1
error review delay request info access response system,0,1,0,0
notice error question help support urgent question please system,1,1,0,0
thanks fix problem reply policy warning review report notice,1,1,0,1
question question review reply report issue,0,0,0,1
reply status help response access notice urgent question system urgent check error support question,1,1,0,0
access access message warning delay help account content info response content,1,0,1,0
